season,id,label,status,note
1987,5120,Virginia Tech vs. Clemson,saved,
1987,5121,Virginia Tech at Virginia,saved,
1987,5122,Virginia Tech vs. Syracuse,saved,
1987,5123,Virginia Tech vs. Navy,saved,
1987,5124,Virginia Tech at South Carolina,saved,
1987,5125,Virginia Tech vs. East Carolina,saved,
1987,5126,Virginia Tech at Tulane,saved,
1987,5127,Virginia Tech at Kentucky,saved,
1987,5128,Virginia Tech at West Virginia,saved,
1987,5129,Virginia Tech at Miami,saved,
1987,5130,Virginia Tech vs. Cincinnati,saved,
1988,5131,Virginia Tech at Clemson,saved,
1988,5132,Virginia Tech vs. East Carolina,saved,
1988,5133,Virginia Tech at Southern Miss,saved,
1988,5134,Virginia Tech at Syracuse,saved,
1988,5135,Virginia Tech vs. West Virginia,saved,
1988,5136,Virginia Tech vs. South Carolina,saved,
1988,5137,Virginia Tech at Cincinnati,saved,
1988,5138,Virginia Tech vs. Virginia,saved,
1988,5139,Virginia Tech at Louisville,saved,
1988,5140,Virginia Tech at Florida State,saved,
1988,5141,Virginia Tech vs. James Madison,saved,
1989,5142,Virginia Tech vs. Akron,saved,
1989,5143,Virginia Tech at South Carolina,saved,
1989,5144,Virginia Tech vs. Clemson,saved,
1989,5145,Virginia Tech vs. Temple,saved,
1989,5146,Virginia Tech at West Virginia,saved,
1989,5147,Virginia Tech vs. Florida State,saved,
1989,5148,Virginia Tech at East Carolina,saved,
1989,5149,Virginia Tech vs. Tulane,saved,
1989,5150,Virginia Tech vs. Vanderbilt,saved,
1989,5151,Virginia Tech at Virginia,saved,
1989,5152,Virginia Tech at NC State,saved,
1990,5153,Virginia Tech at Maryland,saved,
1990,5154,Virginia Tech vs. Bowling Green,saved,
1990,5155,Virginia Tech at East Carolina,saved,
1990,5156,Virginia Tech vs. South Carolina,saved,
1990,5157,Virginia Tech at Florida State,saved,
1990,5158,Virginia Tech vs. West Virginia,saved,
1990,5159,Virginia Tech at Temple,saved,
1990,5160,Virginia Tech vs. Southern Miss,saved,
1990,5161,Virginia Tech vs. NC State,saved,
1990,5162,Virginia Tech at Georgia Tech,saved,
1990,5163,Virginia Tech vs. Virginia,saved,
1991,5164,Virginia Tech vs. James Madison,saved,
1991,5165,Virginia Tech at NC State,saved,
1991,5166,Virginia Tech at South Carolina,saved,
1991,5167,Virginia Tech at Oklahoma,saved,
1991,5168,Virginia Tech at West Virginia,saved,
1991,5169,Virginia Tech at Florida State,saved,
1991,5170,Virginia Tech vs. Cincinnati,saved,
1991,5171,Virginia Tech vs. Louisville,saved,
1991,5172,Virginia Tech vs. Akron,saved,
1991,5173,Virginia Tech vs. East Carolina,saved,
1991,5174,Virginia Tech at Virginia,saved,
1992,5175,Virginia Tech vs. James Madison,saved,
1992,5176,Virginia Tech at East Carolina,saved,
1992,5177,Virginia Tech at Temple,saved,
1992,5178,Virginia Tech vs. West Virginia,saved,
1992,5179,Virginia Tech at Louisville,saved,
1992,5180,Virginia Tech vs. NC State,saved,
1992,5181,Virginia Tech vs. Miami,saved,
1992,5182,Virginia Tech at Rutgers,saved,
1992,5183,Virginia Tech at Syracuse,saved,
1992,5184,Virginia Tech vs. Southern Miss,saved,
1992,5185,Virginia Tech vs. Virginia,saved,
1993,5186,Virginia Tech vs. Bowling Green,saved,
1993,5187,Virginia Tech at Pitt,saved,
1993,5188,Virginia Tech at Miami,saved,
1993,5189,Virginia Tech vs. Maryland,saved,
1993,5190,Virginia Tech at West Virginia,saved,
1993,5191,Virginia Tech vs. Temple,saved,
1993,5192,Virginia Tech vs. Rutgers,saved,
1993,5193,Virginia Tech vs. East Carolina,saved,
1993,5194,Virginia Tech at Boston College,saved,
1993,5195,Virginia Tech vs. Syracuse,saved,
1993,5196,Virginia Tech at Virginia,saved,
1993,5197,Virginia Tech vs. Indiana,saved,
1994,5198,Virginia Tech vs. Arkansas State,saved,
1994,5199,Virginia Tech at Southern Miss,saved,
1994,5200,Virginia Tech at Boston College,saved,
1994,5201,Virginia Tech vs. West Virginia,saved,
1994,5202,Virginia Tech at Syracuse,saved,
1994,5203,Virginia Tech vs. Temple,saved,
1994,5204,Virginia Tech at East Carolina,saved,
1994,5205,Virginia Tech vs. Pitt,saved,
1994,5206,Virginia Tech at Miami,saved,
1994,5207,Virginia Tech vs. Rutgers,saved,
1994,5208,Virginia Tech vs. Virginia,saved,
1994,5209,Virginia Tech vs. Tennessee,saved,
1995,5210,Virginia Tech vs. Boston College,saved,
1995,5211,Virginia Tech vs. Cincinnati,saved,
1995,5212,Virginia Tech vs. Miami,saved,
1995,5213,Virginia Tech at Pitt,saved,
1995,5214,Virginia Tech at Navy,saved,
1995,5215,Virginia Tech vs. Akron,saved,
1995,5216,Virginia Tech at Rutgers,saved,
1995,5217,Virginia Tech at West Virginia,saved,
1995,5218,Virginia Tech vs. Syracuse,saved,
1995,5219,Virginia Tech at Temple,saved,
1995,5220,Virginia Tech at Virginia,saved,
1995,5221,Virginia Tech vs. Texas,saved,
1996,5222,Virginia Tech at Akron,saved,
1996,5223,Virginia Tech at Boston College,saved,
1996,5224,Virginia Tech vs. Rutgers,saved,
1996,5225,Virginia Tech at Syracuse,saved,
1996,5226,Virginia Tech vs. Temple,saved,
1996,5227,Virginia Tech vs. Pitt,saved,
1996,5228,Virginia Tech vs. Louisiana-Lafayette,saved,
1996,5229,Virginia Tech vs. East Carolina,saved,
1996,5230,Virginia Tech at Miami,saved,
1996,5231,Virginia Tech vs. West Virginia,saved,
1996,5232,Virginia Tech vs. Virginia,saved,
1996,5233,Virginia Tech vs. Nebraska,saved,
1997,5234,Virginia Tech at Rutgers,saved,
1997,5235,Virginia Tech vs. Syracuse,saved,
1997,5236,Virginia Tech at Temple,saved,
1997,5237,Virginia Tech vs. Arkansas State,saved,
1997,5238,Virginia Tech vs. Miami University,saved,
1997,5239,Virginia Tech vs. Boston College,saved,
1997,5240,Virginia Tech at West Virginia,saved,
1997,5241,Virginia Tech vs. UAB,saved,
1997,5242,Virginia Tech vs. Miami,saved,
1997,5243,Virginia Tech at Pitt,saved,
1997,5244,Virginia Tech at Virginia,saved,
1998,5246,Virginia Tech vs. East Carolina,saved,
1998,5247,Virginia Tech at Clemson,saved,
1998,5248,Virginia Tech at Miami,saved,
1998,5249,Virginia Tech vs. Pitt,saved,
1998,5250,Virginia Tech at Boston College,saved,
1998,5257,Virginia Tech vs. Alabama,saved,
1999,5258,Virginia Tech vs. James Madison,saved,
1999,5259,Virginia Tech vs. UAB,saved,
1999,5260,Virginia Tech vs. Clemson,saved,
1999,5261,Virginia Tech at Virginia,saved,
1999,5262,Virginia Tech at Rutgers,saved,
1999,5263,Virginia Tech vs. Syracuse,saved,
1999,5264,Virginia Tech at Pitt,saved,
1999,5265,Virginia Tech at West Virginia,saved,
1999,5266,Virginia Tech vs. Miami,saved,
1999,5267,Virginia Tech at Temple,saved,
1999,5268,Virginia Tech vs. Boston College,saved,
1999,5269,Virginia Tech vs. Florida State,saved,
2000,5271,Virginia Tech vs. Akron,saved,
2000,5272,Virginia Tech at East Carolina,saved,
2000,5273,Virginia Tech vs. Rutgers,saved,
2000,5274,Virginia Tech at Boston College,saved,
2000,5275,Virginia Tech vs. Temple,saved,
2000,5276,Virginia Tech vs. West Virginia,saved,
2000,5277,Virginia Tech at Syracuse,saved,
2000,5278,Virginia Tech vs. Pitt,saved,
2000,5279,Virginia Tech at Miami,saved,
2000,5280,Virginia Tech at UCF,saved,
2000,5281,Virginia Tech vs. Virginia,saved,
2002,5295,Virginia Tech vs. Arkansas State,saved,
2002,5296,Virginia Tech vs. LSU,saved,
2002,5297,Virginia Tech vs. Marshall,saved,
2002,5298,Virginia Tech at Texas A&M,saved,
2002,5299,Virginia Tech at Western Michigan,saved,
2002,5300,Virginia Tech at Boston College,saved,
2002,5301,Virginia Tech vs. Rutgers,saved,
2002,5302,Virginia Tech vs. Temple,saved,
2002,5303,Virginia Tech vs. Pitt,saved,
2002,5304,Virginia Tech at Syracuse,saved,
2002,5305,Virginia Tech vs. West Virginia,no_xml,HTTP 404 (no box score link on schedule page)
2002,5306,Virginia Tech vs. Virginia,saved,
2002,5307,Virginia Tech at Miami,saved,
2002,5308,Virginia Tech vs. Air Force,saved,
2003,5319,Virginia Tech vs. Boston College,saved,
2003,5320,Virginia Tech at Virginia,saved,
