gid,ply,spend
cc119470984838,37,0.1
fCPfyaz6,30,2.0
cc166160069716,27,1.3
cc120695007484,28,2.0
GDik1S2C,51,1.0
jXUr9UnY,49,1.0
rnfLWk0Z,30,2.0
Ut8SZ4Gk,33,1.0
yXQgJNT3,26,2.0
iJUa5PYd,47,1.0
RuBhw70n,39,2.0
953lJeu8,52,2.0
XpEcjkGN,61,2.0
g5Y1dSyQ,39,2.0
AjwNhuZH,37,2.0
N0Ykmvfs,59,1.0
OkhjXYWg,36,2.0
yabAxLzE,31,1.0
0IrUTCaG,35,1.0
7ejnSJvu,43,1.0
l8ERaxZu,37,1.0
i3JsUVzX,29,2.0
hL2Y1sf7,31,2.0
n4LxXGSb,35,2.0
jr7L9DkN,30,2.0
cEaYU9kg,72,1.0
9RNJ6dBu,26,1.0
JZ1c0itp,46,2.0
LHoF4CDM,33,1.0
NPPQKQeN,55,2.0
q8vqOwhw,28,2.0
noWU9pRo,27,2.0
dBoH8PAU,28,1.0
btxKRLl9,48,2.0
BPGUtUbS,28,2.0
83FwhBos,37,1.0
cc119476891376,46,1.2
2mSGALgv,39,1.0
ZKj0swE0,76,2.0
6XNhgg0s,41,2.0
hggFNvL7,31,2.0
71zZ8BNL,59,2.0
cc165561567190,35,1.9
0hWvNObN,43,2.0
R1AqG4aN,27,1.0
OUkp2kcr,43,2.0
bYatGdiY,40,1.0
h2al7KEQ,34,2.0
cc121157295276,53,1.9
1UxnOHus,36,2.0
i1mcHyyF,36,2.0
riYcyEu2,35,0.0
M2b5XPhY,25,2.0
1UxnOHus,40,2.0
cc165211229858,27,1.0
cc120084652046,56,1.2
oslS39l2,30,2.0
DIIiry4G,72,2.0
W6FpGcow,26,2.0
EWKJUBP1,67,2.0
u2sPx3cz,29,2.0
cc119716574890,25,1.5
UNuuJA9g,29,2.0
UQvEoCtu,36,2.0
LtL6kokk,61,2.0
MfnaNN7K,36,0.0
m1qgRMJl,30,2.0
cc119972817536,32,1.8
Q6T8aPr0,31,2.0
YCyb9kc8,54,2.0
fLvwlluk,29,1.0
b9bY4p1o,26,2.0
cc120091224514,31,1.9
EJi6qOJu,26,0.0
ADCasSBs,41,1.0
2zByDL3b,61,1.0
wev3H6Ys,29,2.0
0Etp7G5Q,31,2.0
0sx61uqE,33,1.0
BVazrYwc,27,1.0
ORQH3ATS,33,2.0
HBb6W17D,29,2.0
UjiFUlqb,25,1.0
cc120908873064,60,1.4
Vonp4hC5,42,2.0
cc120832791356,26,1.5
2fWwjBFW,26,2.0
r3xemLQf,25,1.0
OxYu2GP1,39,2.0
Ihjbjy8B,33,1.0
gydhyXwc,44,2.0
UQL3C0XH,25,2.0
cc119470984838,33,1.5
cc165520466840,27,1.6
tnejLCLn,33,2.0
0hWvNObN,61,2.0
OE1gyw3E,64,1.0
FrXsIUN5,33,2.0
4Jy46001,25,2.0
rBimp7uE,61,2.0
cc119476965444,28,0.9
Wu8jWYZr,41,2.0
6l8wM6zu,43,2.0
Q14vVGS9,50,2.0
wlWYZuWC,35,2.0
15ri9niI,40,2.0
t5GsrScd,35,2.0
iapO9bh4,50,2.0
sCK53bkI,48,2.0
cc166039566532,27,1.4
0sx61uqE,55,1.0
2tY06mQ0,55,1.0
J9gb3GCj,32,2.0
Ln3lpbEg,50,1.0
8mJo3N5g,35,1.0
JGIvtFlT,27,1.0
e14wmTY8,31,2.0
c9Gev0sI,50,2.0
KoecdkGL,34,2.0
iU5tAco0,26,2.0
lCAu2EBz,41,2.0
Di5HLWKO,53,2.0
D94DPRSy,74,2.0
yabAxLzE,27,2.0
0IrUTCaG,37,1.0
Gv5cdnsX,27,2.0
cc121216659584,31,1.7
auP3FXQH,33,2.0
cc165630485132,58,1.6
NWoWNirr,49,2.0
jpbyVxPm,31,1.0
9l3P4wiD,28,2.0
jXUr9UnY,35,2.0
T4kWGC2b,52,2.0
xHsuhUAU,39,2.0
QrVSjpfb,33,2.0
O05oyRRe,60,2.0
Wc5QPdRE,27,2.0
MCx0TH7o,34,2.0
cqKAaBCu,54,2.0
pBRomL2q,32,2.0
fSBMQyUa,29,2.0
lpOvkMqT,29,2.0
Sz6amyGo,27,2.0
9ZBGoQvf,30,1.0
cc121061446116,55,1.8
6zSscACx,41,1.0
0xR142ix,32,1.0
KdWTxsTT,31,1.0
jbqFC1Fh,41,1.0
FqCgbeKd,57,2.0
qMPe5rLM,26,2.0
HqWJ9FW0,26,1.0
WUZnI0YY,55,1.0
KdWTxsTT,61,1.0
wlWYZuWC,45,2.0
kD6fAWKN,46,2.0
cc119533411346,51,2.0
cc165126264492,27,1.8
uwfr4OIq,46,2.0
vShdRjCX,37,2.0
bWAqwOuZ,38,2.0
fhdVAYTs,76,1.0
hggFNvL7,27,2.0
3MNYVRsH,29,2.0
uwfr4OIq,52,2.0
3jT2Go0u,25,2.0
oiGwrtmT,38,2.0
nsqIWFmu,41,2.0
kywwfIXj,32,1.0
W58C0uT3,30,2.0
5qoOyQyd,41,2.0
zP9b9bRf,39,1.0
cc120832336406,48,1.3
lpOvkMqT,25,2.0
wLBffkSY,59,2.0
prY93Gxp,27,2.0
Wh5DSsmp,25,2.0
KdWTxsTT,51,2.0
nfbLKTts,38,1.0
91Fq3Ywc,47,2.0
agirj2pq,49,2.0
HemahnHM,46,2.0
cc120068742466,42,1.5
cc165518725982,44,1.3
e14wmTY8,43,2.0
Ji8nAcPv,32,2.0
6qzPBXnK,41,1.0
oEZJR2wt,48,1.0
islyexXZ,58,1.0
iSQpxxV4,55,2.0
cc121429645884,38,1.9
cc120963141570,38,1.4
rfdfFu8S,25,1.0
fhdVAYTs,42,1.0
oEZJR2wt,64,2.0
omS60n40,35,2.0
gydhyXwc,30,2.0
TAV6imGY,32,2.0
w9CglxvS,29,1.0
oEZJR2wt,62,2.0
jeKEcHAf,26,1.0
cc119485407416,26,1.5
CZ2Nz0hs,39,2.0
LGflhDBB,36,2.0
fhdVAYTs,56,2.0
WVbQCGsN,47,1.0
AI5pfoSS,39,2.0
cc119682331920,51,1.3
bIg3q67t,35,2.0
2ONaZyLR,32,2.0
haX2R60f,44,2.0
YsdsN2mb,32,2.0
71zZ8BNL,69,1.0
jsQ3fiO1,30,2.0
DZRLBiMx,65,2.0
hnqPXak2,25,2.0
Eq87W3nw,29,2.0
dYVnjL5F,30,2.0
0DpOpLoG,50,2.0
3VyQK0Ol,39,2.0
BnfWIwnj,47,2.0
zBkftfs5,36,2.0
6kMIoJGg,37,1.0
cc120870901432,31,0.1
Ih6OYXsL,52,1.0
VB1swwCv,27,2.0
mkfDrKXY,59,2.0
MCx0TH7o,40,1.0
soeO295L,36,2.0
cc119359346586,95,0.7
lzy6JKgS,37,1.0
cEaYU9kg,70,2.0
rmjCp2C3,65,1.0
MldwSwYg,54,1.0
02wd52ht,29,1.0
aTWTp5XR,29,2.0
cbTUTbvn,30,1.0
YtmsQrIc,32,1.0
SSmYyehz,47,2.0
9E1sGKTn,40,2.0
KpOCOKVm,52,2.0
dV3WjO06,50,2.0
SSdTgh1A,61,1.0
fhdVAYTs,68,1.0
IToAsCWf,44,2.0
10gLdpAx,25,2.0
92nrRa1U,29,2.0
dYVnjL5F,28,2.0
cSzR1D0Q,41,2.0
rgSG5aW3,52,2.0
Xu9r47In,45,2.0
cc121233610264,25,1.7
T1IfcEKk,30,2.0
F2IVpYM7,26,2.0
rJTSYYFo,26,1.0
0hWvNObN,59,2.0
cc121041503216,45,1.4
tdAPnYwr,63,2.0
OnLiCxS9,53,2.0
OxYu2GP1,81,2.0
WwzoefOV,57,2.0
cc121061530508,37,1.3
e95mGNXp,78,2.0
immbJoQn,35,2.0
JOEoHZ5c,42,2.0
cc121043364578,44,1.4
hKi3LcQ7,40,1.0
b2D3LJTl,38,1.0
yQPCAay3,42,1.0
ee2H3Vc5,55,1.0
AyYkmRRd,27,2.0
wSaLkOHE,49,1.0
fNIeCnRj,30,1.0
R0GFVKf4,42,2.0
SrB1134z,42,1.0
3VUA8lXh,44,1.0
0iAUFwZq,25,2.0
cc120090854540,62,1.7
efFqFuSV,44,1.0
OUkp2kcr,41,1.0
KG6wMoLp,43,2.0
dpnWJ5nQ,33,1.0
dp9pW0Hc,28,2.0
9zj7YWup,25,2.0
fPXk2Yjo,45,2.0
AJvXQ7dq,56,2.0
nfbLKTts,42,2.0
OUkp2kcr,39,2.0
VYdqblhA,25,0.0
6l8wM6zu,27,1.0
eWt21HZq,37,2.0
NWoWNirr,25,2.0
96NLrren,32,2.0
VWzxENIk,27,2.0
cc120696709236,25,1.2
JZ1c0itp,44,2.0
kBLs2G2M,49,1.0
0yUsdTsq,29,2.0
3HQTDOyP,29,2.0
cc121431561102,33,1.7
n7xgQJrG,27,2.0
JdaFIow5,27,2.0
YgGk4uXl,46,2.0
Sy67F9WW,36,2.0
rnfLWk0Z,26,1.0
oGMXbvyn,25,2.0
RBN9lq4b,29,2.0
YsxxHHsp,33,2.0
0e8drj4A,33,2.0
TrTPU9eL,38,1.0
vpmdonF8,27,1.0
KQsqGirM,28,2.0
0Wm6pRLq,34,2.0
L6R8YKsd,33,2.0
cc120103188298,62,1.7
1R5pkdm8,25,1.0
4EMfVjCF,28,2.0
cc120613569234,71,1.8
GYJmkNms,42,2.0
gNQgIFpa,50,2.0
viQa9u7a,36,2.0
IKrVJXoE,33,2.0
l1LxrgkU,34,2.0
37G3BCSX,25,2.0
mCbUd94e,34,2.0
Em0b7M2I,28,2.0
oawQ5TGZ,37,1.0
6JaDkioK,44,1.0
tMVPnFjF,37,1.0
zLEy6Ord,45,2.0
a21KORUM,38,2.0
yupjuMwt,35,1.0
cc119533598862,31,0.9
fWn5DlgU,27,2.0
2WBnoRZj,53,2.0
lCAu2EBz,29,2.0
BocISg9Z,33,2.0
M2b5XPhY,45,1.0
YGkJlW3k,37,1.0
jEXNQ2gy,48,2.0
nH2GPRiK,41,1.0
Fp4utDyV,28,1.0
dseByn0z,59,2.0
9qRNTLgm,27,2.0
Cnec1gZ6,25,2.0
hggFNvL7,25,2.0
cc121061446116,29,1.9
5mdASwa4,36,2.0
AFVooh7L,30,2.0
M2b5XPhY,35,2.0
2mSGALgv,37,2.0
yIxIk342,56,2.0
oBXKuAR9,31,2.0
cc119356898696,47,1.2
Au5YTbcs,33,1.0
caQMhudS,31,1.0
cc165165123820,46,1.7
AD9R2xMa,50,2.0
7ZkzIVZn,28,1.0
jr7L9DkN,32,2.0
6gsg1kvq,28,1.0
loHTsVCB,41,2.0
gqJWMjlJ,44,1.0
cc165171241850,26,1.5
ht6Z8FFT,25,2.0
mP42Eigu,39,2.0
vzhINwqB,47,1.0
3D75JmMM,38,2.0
tLXgCdLY,35,1.0
JWSpDMfm,53,1.0
QtlegBCL,29,2.0
cc119970680744,29,2.0
JqK9NO9R,39,1.0
cAyVQGHB,50,1.0
avPoONu1,26,1.0
sUdxxSM6,25,2.0
nYMLo7W3,26,2.0
ayliXquX,75,2.0
ht6Z8FFT,27,1.0
BeqyUNAe,33,2.0
GugYbzmi,54,2.0
0vNXddIX,32,0.0
L7vEa2Jm,59,2.0
cc166021163984,34,1.5
XhYYTA2C,34,0.0
DeEaPd6Y,27,1.0
XTudeuo9,42,2.0
lnA7SsKn,29,2.0
C771K0dM,58,2.0
MWLPGOoJ,58,2.0
D3xhy5KA,39,2.0
vKl9MBiL,36,2.0
mP42Eigu,43,2.0
yeijPT2I,38,2.0
D6zL2npP,55,2.0
QOvNDTe6,43,2.0
JQlXucSF,34,2.0
avPoONu1,46,1.0
yePYPRMG,32,2.0
V5RDt83x,56,2.0
0IrUTCaG,33,2.0
1BD24Pof,56,1.0
Esk9i6ds,44,2.0
Ji8nAcPv,38,2.0
WsyDYjvi,51,2.0
KpOCOKVm,44,2.0
Sz6amyGo,47,1.0
4hGp7W73,41,1.0
vljd9NqV,66,2.0
zimPscwF,33,2.0
flZPRd9J,37,2.0
FqCgbeKd,65,2.0
aUwJyWs8,38,2.0
5dAPfhCV,28,2.0
cc120885390140,27,1.7
IqtzAjN0,39,1.0
0uHrutAv,28,2.0
3ZLHVBRE,36,2.0
NRA5zktT,42,1.0
cc166081885160,30,1.6
Pwa2C0Cb,30,2.0
RD8Yv1Ni,44,2.0
XWhEYKeP,49,2.0
R0GFVKf4,38,2.0
oEZJR2wt,50,1.0
BeqyUNAe,35,2.0
iR5oFnHY,30,1.0
krfEkLe1,37,2.0
QMTTIZzN,48,1.0
DZRLBiMx,63,1.0
M6G2vwm7,35,1.0
8SKEXCVc,49,2.0
VvY25GOL,31,1.0
cc120613569234,69,1.7
DOjlhhMA,55,2.0
UQ8w52M8,39,1.0
xPuAMamd,50,2.0
0sx61uqE,37,2.0
xTjfTJRD,28,2.0
etnieKz7,49,2.0
0NOMxSF7,66,2.0
Lp1BnBax,36,2.0
m2ecRaE3,32,2.0
cc121216193202,47,1.9
cc119723810816,42,1.5
wkLlim0I,42,1.0
NBDOvZcz,48,2.0
CNPm3iLf,66,1.0
I1BoGO6M,75,1.0
Kg4JfUYF,38,2.0
abFXfxF8,36,2.0
YsdsN2mb,34,1.0
cc120981304186,41,1.2
dWVOgnxV,58,2.0
8E2SjU6E,33,2.0
ZycHRzSa,32,2.0
cc165741055080,47,1.5
yOrI30nn,34,1.0
sBF1eGth,51,2.0
fRyPgoPi,27,2.0
luaxMvux,25,2.0
cc166021163984,32,1.3
cc119470984838,35,0.7
YgPfyRUG,27,2.0
OkhjXYWg,26,2.0
MxLeQUOt,57,2.0
7cwfpZid,52,2.0
BN0oIqyA,32,1.0
GTDMB9LV,45,1.0
zP9b9bRf,43,1.0
ilsDWcft,25,2.0
YZ8rvPkw,42,2.0
BdlZcQrx,43,2.0
xZoxwjhW,53,2.0
MQh9KqfL,38,2.0
UQvEoCtu,46,2.0
Ju4sCBNy,52,2.0
LFO1QjbZ,35,2.0
OE1gyw3E,28,2.0
ves77YMV,25,1.0
bHRGgpMu,38,1.0
M7fVYnQQ,36,2.0
CxOvOZ4w,97,1.0
wBg8Fcrv,34,2.0
rrLDPiPt,25,2.0
cc120008563168,45,1.1
Pjj2RMwf,46,2.0
Q2RktvWX,30,2.0
cc121258037038,40,1.6
UQL3C0XH,31,2.0
cEaYU9kg,66,2.0
cc166082150246,38,0.7
AGtlT6QQ,48,2.0
Lj9Jcits,31,1.0
dBbFnJid,71,2.0
qlgIS9yi,35,2.0
abS8wYlr,31,1.0
nZtxtoLe,40,2.0
un7cz4NU,27,2.0
FE47ZDGn,47,1.0
Q9WNF66t,36,2.0
g1uHWeF9,76,2.0
F6nrA5e1,30,1.0
cc166021517360,42,0.1
cc121216193202,25,1.9
80wAnnQX,29,2.0
zP9b9bRf,37,1.0
cc120221663820,60,1.3
cc120888357086,29,1.4
pbXuNUbe,33,2.0
vvoJl3Ii,47,2.0
6zxHMHD1,38,2.0
0sUO8zJz,31,1.0
buScQckP,39,1.0
atBrJwaj,63,2.0
6kMIoJGg,45,2.0
uoUG2Ade,25,1.0
XAqyzZYj,34,2.0
RfmYmSBy,40,2.0
W2HUKA9C,28,2.0
mXCU1EMc,35,1.0
fXCp5Tbo,26,1.0
7ZkzIVZn,36,2.0
JfywY3FO,49,2.0
a6BIRftW,58,2.0
2HffPMHp,37,2.0
J2oXE26R,36,1.0
dQ5G8kuD,46,1.0
Q6T8aPr0,33,2.0
cc165950114876,49,1.4
7ZkzIVZn,26,1.0
n6tQISla,25,2.0
Us2nY3PT,44,2.0
DtJVsuh5,45,2.0
cc119487676466,47,1.2
7HdnFtef,26,1.0
iXBAw8Yl,28,2.0
be8xFMRY,49,2.0
PNNc1anf,42,2.0
iyQBn7Va,79,2.0
TEYRoHvm,38,2.0
cvjQG3LO,33,1.0
bLMTfL2X,28,2.0
02wd52ht,27,1.0
vlWrD6YW,41,2.0
ves77YMV,45,1.0
ZmZXNcGj,40,1.0
cc120068684706,37,1.8
36hQrFTC,53,2.0
q1u46F9B,37,1.0
cc120965048470,44,1.0
cc166366825786,57,1.2
IKPL1BxW,58,2.0
ht6Z8FFT,29,2.0
31d7m27Q,68,2.0
VseW78OJ,25,2.0
cc120084199924,27,1.7
kPFowPL7,58,2.0
PYlbtOBd,58,2.0
cc165741055080,45,1.5
wfH1E4pB,45,2.0
vEA7WoWS,43,2.0
Nkz4CE7l,36,1.0
jEXNQ2gy,32,1.0
GECfbwcm,61,1.0
71zZ8BNL,71,1.0
cc119516125306,59,0.1
ELFKmR3r,44,1.0
Q2RktvWX,32,2.0
O72tTTOv,51,2.0
cc119988572984,35,2.0
UlL9N40C,44,1.0
PBi3ng9V,41,1.0
wlWYZuWC,53,2.0
brje8I1g,32,1.0
efFqFuSV,52,2.0
6r340LVx,27,2.0
oa1V9Syi,32,1.0
9sgXPedm,35,1.0
9FO0I0Yz,32,1.0
yL3RYm70,56,1.0
CNPm3iLf,36,2.0
6GlSedmJ,34,2.0
uqG2vnDa,49,1.0
YP2jyWfs,59,1.0
f6PccPB0,39,2.0
cc121497875308,25,0.5
H8jbytS7,44,2.0
MRT0IybB,32,1.0
HtkGeUri,44,2.0
xYGplLAg,30,2.0
vTEM84jV,30,1.0
cc120281162536,38,1.4
9E1sGKTn,44,1.0
lDW7iuKb,50,2.0
RHCqHr0O,59,1.0
cc120301523048,33,1.5
5RTFBdsY,27,2.0
matyWX2u,53,2.0
VBniLek2,35,2.0
DoLFc4eP,32,2.0
hdj1NTkB,32,2.0
l0D8RGtk,37,2.0
cc119541639080,57,1.0
gNQgIFpa,54,2.0
yjs9dLDw,39,1.0
D94DPRSy,68,2.0
hNkgAitv,30,1.0
e1hSpSMm,37,2.0
J6iHL1t7,33,2.0
pSN32CtY,85,2.0
ms7dc1df,41,2.0
5FGN0dd2,31,1.0
lK30gafY,50,0.0
cc121083981464,54,1.7
yhhTCYWz,49,2.0
SXDJl95I,53,2.0
ni5UWfAR,41,1.0
A9NZkUl4,38,0.0
3mrLxCW5,45,2.0
ZKj0swE0,74,2.0
TxUaIJ4j,42,2.0
qWwFkvek,33,1.0
02wd52ht,31,2.0
6iet1pUE,49,1.0
pxzHtDDt,49,2.0
RMf2W8El,39,2.0
cc120011333060,49,0.9
GugYbzmi,34,2.0
lkuS3URw,25,2.0
fhdVAYTs,62,2.0
pbXuNUbe,45,2.0
b4ZBdcn7,53,1.0
VewHz3z4,45,2.0
zP9b9bRf,25,2.0
cc166196783252,44,2.0
s4YN2ETT,47,2.0
EvnTn4Jq,32,1.0
Rdm0qoso,44,2.0
FqCgbeKd,63,2.0
raTJ4GYR,34,1.0
cc120927978228,28,1.2
t52F8RIl,26,0.0
ej7lZjOY,25,2.0
cc119474467216,39,1.5
cX4g3zik,34,0.0
RoLhM5Yk,35,2.0
rFbEOUdS,42,2.0
G5ZGypY4,30,2.0
fGiQjczn,41,20.0
78JLKMpe,34,11.0
CNPm3iLf,30,10.0
Lp4j0UwD,50,9.0
RKfwJiWE,47,12.0
KxEnOSWH,36,17.0
9zj7YWup,43,8.0
cc119477017816,33,33.1
YC2B6lA7,30,19.0
fiNuJcjr,30,17.0
jsQ3fiO1,28,12.0
2AV7TD8q,47,10.0
I08VrWvj,35,8.0
hPyESgss,32,8.0
ek2fHnJn,49,16.0
EvnTn4Jq,34,9.0
cc119870450890,33,16.4
0U3l2yqI,25,23.0
h5BvzMM6,28,13.0
6R8OBgfV,32,19.0
cc121272035750,27,24.8
eisXBfUf,44,8.0
YjmC1JyT,48,25.0
YgGk4uXl,50,50.0
cc119879532580,30,12.6
wkLlim0I,38,10.0
FLutmJr4,32,31.0
ej0A5wHa,36,10.0
cc120696318512,43,29.4
gvpy8eJj,42,42.0
eWt21HZq,49,8.0
cc119495948822,27,25.8
IiXXthdL,33,16.0
jUszqVLp,33,8.0
TEmQ6zQS,38,13.0
N51pNqum,27,12.0
VhMcLVNk,25,8.0
eHLEnklP,29,9.0
rgS6jJJE,46,24.0
DOjlhhMA,35,10.0
cc120844577450,27,11.8
T85mptTa,38,38.0
GugYbzmi,36,9.0
UQ8w52M8,35,11.0
cc120832899760,27,12.6
cc120754407206,26,12.6
fCPfyaz6,32,15.0
cc119477017816,27,36.6
oDVfeM04,33,16.0
TMQhX3Il,38,25.0
DIIiry4G,62,11.0
cc165867813158,44,11.0
B6Tkyq6R,54,8.0
OS1ab7Ps,33,8.0
R1AqG4aN,31,8.0
DtJVsuh5,35,10.0
XhYYTA2C,30,13.0
CzCdwz0v,44,16.0
WMO6UCD3,42,25.0
2tY06mQ0,25,11.0
OxYu2GP1,59,14.0
c9Gev0sI,38,11.0
ZS00cXb7,33,17.0
sG32ubVS,47,13.0
H1apLY6u,32,9.0
awFx69Mm,45,11.0
oa0MfScz,35,21.0
tKqdUSQ4,39,16.0
ram7QebC,53,8.0
ckhTaLnE,54,9.0
TnS2r7pj,36,33.0
rUc1928d,25,12.0
PzPdfdh1,25,17.0
s7qk91IL,60,13.0
WOZZstTM,47,13.0
cc165384373242,35,34.6
MHPMIw1m,38,17.0
IqtzAjN0,25,11.0
iCKcRwYn,33,20.0
2mSGALgv,33,12.0
dBbFnJid,33,50.0
hNkgAitv,36,31.0
cc120831593114,43,17.5
Wu8jWYZr,27,15.0
0YOCzJlN,46,12.0
cqKAaBCu,52,11.0
UHJCJ2GQ,30,22.0
0Wm6pRLq,38,16.0
B7GR5GiD,33,24.0
QGRCFqkC,37,19.0
n4LxXGSb,41,13.0
IqpVm3Kr,29,9.0
6IxQwsJh,45,14.0
8pjzkoa9,28,10.0
islyexXZ,56,18.0
jjE87ZS1,38,10.0
XpEcjkGN,29,12.0
cc119496526130,28,17.7
l8ERaxZu,35,15.0
cc121061681076,35,21.1
cc120870012766,45,9.4
H3OUIRhc,34,9.0
Q8qyqS0K,38,42.0
1SLWTKoL,28,15.0
iA7zRqOV,30,8.0
RhwC94WD,36,10.0
cc120616362550,44,11.7
JCxwBzhO,33,18.0
YsxxHHsp,49,9.0
IXRR3RKU,29,29.0
rNGqUii0,29,10.0
EuGl7tKQ,33,12.0
xX0WFPQO,56,8.0
9isNqpZG,40,17.0
cc120023897780,35,19.0
cc120696709236,35,13.3
En9eFx0E,57,8.0
GECfbwcm,37,9.0
UC6CBZkI,32,8.0
YJ8da4dy,35,14.0
cc119991830326,43,16.1
lmbRC839,34,13.0
sKsrWI36,35,9.0
AD9R2xMa,60,12.0
cc120084652046,36,19.0
HQgV83IQ,34,10.0
ppPAyQ5h,39,22.0
hnqPXak2,31,11.0
JeQUxwnk,58,11.0
cc165551232566,26,13.9
Yh4zcYYG,60,16.0
h5BvzMM6,34,11.0
Vi2KunfR,30,13.0
WVbQCGsN,43,14.0
cc119990559302,30,12.6
MXQW6nTb,48,18.0
a1b9uDn5,41,25.0
lUjKz1VZ,48,10.0
E3QouJBp,56,8.0
cc120851182840,29,10.9
BpCSgbYp,27,35.0
azNiBcPq,48,28.0
dDyuk2cZ,35,17.0
pbXuNUbe,35,8.0
QxR1kuxL,34,12.0
QzjE8iF4,72,32.0
cc121117020414,28,9.5
vT8QWTXm,28,11.0
QYkpmCSi,51,16.0
DtJVsuh5,29,11.0
rnfLWk0Z,48,40.0
cc119746001332,28,17.6
piPa0U2D,48,8.0
mwN6Rygs,25,13.0
WUi1eZwb,29,14.0
cc119477017816,31,9.3
ZmZXNcGj,44,25.0
dA4FOWSX,29,14.0
TtQhjliF,27,14.0
0NMirfk5,43,11.0
vc3NsPKG,40,9.0
l0D8RGtk,35,25.0
RDJ36JR3,29,9.0
cc119720943822,27,13.7
cc120084652046,38,12.2
JH9CSufD,67,16.0
cEaYU9kg,48,10.0
H3OUIRhc,42,31.0
cc119702352462,48,10.9
cc165380470322,43,11.3
I6S7nvBu,37,18.0
J9gb3GCj,36,8.0
iGGvIPK4,30,11.0
Lp1BnBax,34,8.0
LvMZEOgf,32,13.0
R50kTqCb,29,12.0
mepwVM0k,33,21.0
Q8qyqS0K,32,21.0
0YOCzJlN,50,37.0
OjgFpnVr,30,14.0
BpCSgbYp,39,15.0
cc121350665000,41,21.0
itdx5QHQ,30,11.0
EFcDE9HA,29,19.0
cc165612965868,32,9.1
cc165432405340,25,16.4
dBbFnJid,51,13.0
KCyMDyaE,52,13.0
Vlw5nS1m,37,23.0
imXcnau6,26,13.0
cc119471250992,36,17.3
cc119718184436,50,27.0
Ca6jY4Tb,40,10.0
IDnfBNgy,54,9.0
DJxc5UXg,46,8.0
bWHmqTCK,33,23.0
gxSrUclr,29,13.0
cc121250254118,49,8.0
Yu6fhe8k,57,13.0
TEmQ6zQS,42,25.0
iFKHORw9,47,10.0
EQOL6QJG,28,14.0
GBZwtNbC,26,14.0
cc121061757696,34,17.7
GTDMB9LV,35,10.0
cvjQG3LO,37,22.0
cc120243169716,37,10.2
tRW3gkVw,28,11.0
Uyzd3fzG,48,14.0
M6G2vwm7,33,23.0
lnA7SsKn,27,9.0
4EMfVjCF,30,9.0
Ll5a3iUP,50,8.0
TAczGodW,36,12.0
cc120828966808,48,40.3
oFzhjxRm,48,15.0
vWbAFKhs,37,8.0
cc120722653970,39,11.8
SSmYyehz,31,13.0
rVXG20za,31,15.0
zwT3KHsz,52,14.0
cc120229997586,27,47.8
W9048N5g,28,13.0
orRqGvKi,31,16.0
Hoy5B3y9,40,14.0
07xFVFMD,32,11.0
uirooaSo,35,23.0
E721pxlx,30,29.0
p8fnE0tu,39,8.0
A9G06InN,54,19.0
cc119682331920,49,10.1
5ZOraLao,32,10.0
A3hW5rYn,30,15.0
cc166699677196,39,8.2
EWKJUBP1,43,14.0
rgS6jJJE,44,21.0
cc119862675408,34,26.5
tws71vU7,27,12.0
phtR6HoB,57,10.0
cc165518725982,26,12.1
cc120003922990,25,15.3
cc119970804942,30,13.0
HmWDWZia,25,9.0
CPHUf1hD,34,14.0
cc119473783626,58,9.8
XWhEYKeP,47,8.0
HvN7llS7,43,9.0
Rdm0qoso,40,13.0
ml4eFeLh,43,9.0
y6aS3rjn,46,24.0
Ca6jY4Tb,44,10.0
YsxxHHsp,43,10.0
a1b9uDn5,43,11.0
l1LxrgkU,28,22.0
qMUr3uIZ,32,23.0
H3NoySKQ,36,8.0
cc119995022734,26,10.8
cc121527603814,43,10.7
l1LxrgkU,46,10.0
cc120304191716,37,13.2
10dzIhFk,30,9.0
N51pNqum,25,18.0
L7vEa2Jm,27,13.0
eSTuhx0V,50,30.0
e7By3vE7,58,8.0
ekAm8DGG,26,16.0
znPCXCzV,33,11.0
3ZLHVBRE,34,20.0
cc119701235252,30,19.7
qf3idKN9,32,49.0
2nAn83Ne,29,25.0
3SZ7Ixxs,26,13.0
PkQXpx9r,28,16.0
71zZ8BNL,33,19.0
E8DLOXrV,42,12.0
agBFvb0G,29,20.0
Wu8jWYZr,31,8.0
YGkJlW3k,51,10.0
Us2nY3PT,46,10.0
xX0WFPQO,26,14.0
cc119488467640,37,14.0
cc119488467640,31,19.1
TN9YFFrJ,36,24.0
g5nCgpNT,27,10.0
cc121428017132,31,8.5
cc120812453264,36,21.2
mhT1tHc8,34,8.0
cc119992036788,26,11.4
vn5s7kYl,29,23.0
cc119510325482,51,14.3
cc119477017816,39,18.0
tnejLCLn,29,34.0
StJTkazh,37,18.0
tdAPnYwr,55,8.0
jEfOuEUZ,29,38.0
cc120696318512,29,23.9
HvN7llS7,59,11.0
sdxArMHL,26,15.0
PbFbms0k,31,11.0
0UgywMKV,27,22.0
lH5piLQK,27,17.0
SSmYyehz,39,34.0
brje8I1g,40,23.0
cc120832899760,45,17.9
UlL9N40C,38,8.0
3ZLHVBRE,26,11.0
cc165384373242,37,8.9
O8pznSFi,50,14.0
1MRcDVrP,63,25.0
Y3djPJm1,43,8.0
cc121278356096,46,8.7
1SLWTKoL,48,11.0
t2mfqMf3,27,23.0
JwFm1KKX,44,20.0
viQa9u7a,38,27.0
cc120862976508,38,9.7
TPcll9OO,46,9.0
BXGZNwxV,40,12.0
cc121043364578,46,10.7
xX0WFPQO,34,21.0
V1B3lCCT,36,24.0
6R8OBgfV,30,20.0
umozeNwA,29,14.0
yupjuMwt,29,14.0
NAPVIV30,40,10.0
JQDq2Fyo,41,20.0
OE1gyw3E,40,28.0
PbFbms0k,37,8.0
zizRMmyL,49,10.0
UrmzZ37d,28,12.0
55CgqvQO,25,16.0
cc166196783252,42,35.0
hnqPXak2,33,8.0
HQgV83IQ,36,11.0
7Nm8NOgV,37,9.0
0e8drj4A,41,11.0
KUYIENjH,26,8.0
riYcyEu2,29,13.0
h9r1QB7B,26,14.0
5mdASwa4,34,13.0
bv9vAyW3,51,38.0
cc121233735128,28,8.1
0hWvNObN,49,12.0
ZIiEKrCY,34,12.0
TN9YFFrJ,30,18.0
LTxNQ13l,32,18.0
cc120908873064,28,14.0
Qp9nWua4,63,21.0
WMQNWare,26,15.0
WUZnI0YY,49,13.0
ISm6vmTR,26,8.0
DKT7G99J,29,18.0
91Fq3Ywc,25,15.0
lH5piLQK,37,44.0
9E3OI3ge,30,29.0
DfsB0fLS,31,8.0
cA2oTuZe,52,9.0
it1MRjEt,30,11.0
1dSD0Rtc,34,8.0
cc120090854540,58,11.9
Qp9nWua4,55,10.0
x4XHuaun,25,21.0
cc121233028950,29,8.4
IhBzO5r9,41,11.0
cc166438620280,52,12.1
KUYIENjH,30,16.0
WFlKNpfB,38,22.0
cc120082768834,64,8.4
cc121233610264,49,15.8
DrQ8aRNG,43,10.0
s4YN2ETT,49,28.0
KQMZZA6I,37,12.0
lzy6JKgS,39,8.0
NnKZm5jo,55,18.0
lcOUgTOg,27,18.0
4EMfVjCF,32,12.0
azNiBcPq,46,24.0
EvThHrXF,28,9.0
gQB5X18e,26,17.0
azDYkBvq,31,13.0
6zSscACx,29,19.0
JLN0Jv5W,28,13.0
cc120242369612,27,29.4
cc121233610264,45,17.0
0428jwO2,28,9.0
cc120966419308,31,10.8
QMTTIZzN,46,17.0
DqqPmrBe,58,14.0
f0eMI7zW,34,8.0
fKYolrEC,35,13.0
RpG6M6ji,29,23.0
1SLWTKoL,50,10.0
lK30gafY,40,10.0
sGkNYSpY,32,15.0
2ONaZyLR,30,8.0
cc119700534512,31,30.6
gRFU1q6F,42,25.0
1MnWfK85,52,9.0
Y6rrUbqi,25,10.0
SvjWW3pQ,27,15.0
kAemOaPl,42,8.0
cc119701061080,25,12.2
2zByDL3b,55,8.0
vlOUQL9S,28,8.0
CagedvSV,32,12.0
cc121427881370,34,21.9
cc165170807018,41,16.5
m3yUUA9x,45,12.0
cc119708051268,33,8.2
yjs9dLDw,35,11.0
cc120966419308,33,14.1
kyIxDCZE,42,14.0
s7qk91IL,44,10.0
cc119489482008,29,21.0
cc119890730332,50,22.7
77PiUZpp,25,9.0
uqG2vnDa,45,18.0
iZZ4h0u7,40,10.0
cc165170807018,37,14.2
cgeLgb2K,52,10.0
cc120696318512,41,16.8
cc121350665000,43,8.9
f09z08IC,60,9.0
l2qATrFD,39,23.0
X0iw4sAR,32,27.0
MbP0klvK,56,8.0
cc119972817536,28,9.8
vTEM84jV,28,32.0
gQB5X18e,38,10.0
7A7rAMwa,26,21.0
bhhhRl8s,26,24.0
MQKO1yYa,25,10.0
bS8FVsY3,47,13.0
6R8OBgfV,46,10.0
gQB5X18e,36,12.0
WwzoefOV,29,14.0
mP42Eigu,37,13.0
2lRXmTP9,25,12.0
pU2yuXNX,34,8.0
hCpjowiX,51,12.0
fzBhk7iJ,52,14.0
RgGzynnk,32,19.0
1LYRncgs,27,18.0
cc120103834800,30,26.9
P8RDuDkG,35,29.0
oOaV9ZQk,35,8.0
ELFKmR3r,48,12.0
oeSyrxdV,39,13.0
islyexXZ,60,20.0
iyQBn7Va,51,10.0
Jm2k6rA5,25,10.0
j5M35riZ,40,9.0
bkP1rhaT,43,12.0
EpYu8sQy,51,11.0
paaKg7HX,35,14.0
VHBoHYRm,54,11.0
A9G06InN,36,8.0
cc121084128088,32,22.6
VBniLek2,33,11.0
CzCdwz0v,50,24.0
ETeauuXn,30,9.0
mXCU1EMc,31,9.0
HtkGeUri,36,8.0
Ca6jY4Tb,58,9.0
dBoH8PAU,26,25.0
1hNpZmgW,42,14.0
tefhyBwX,33,11.0
2p5WmXOu,27,8.0
eisXBfUf,34,8.0
GUsVES2R,44,15.0
cSzR1D0Q,51,8.0
Kid2e4YP,40,9.0
1HXb0gGC,44,11.0
fhmnBsNB,52,8.0
eWt21HZq,57,21.0
J1I4huXJ,43,16.0
7DG8eF6i,35,11.0
YGkJlW3k,49,8.0
FqCgbeKd,29,10.0
R61Mcp9p,46,8.0
g5nCgpNT,35,17.0
W7hxIz82,50,13.0
umv458LL,29,14.0
Y6pbDqNx,60,10.0
cc165949836692,29,9.9
pqdLECGG,33,10.0
cc121220880436,45,37.3
JQlXucSF,32,12.0
tKqdUSQ4,37,13.0
y5kyRidv,38,15.0
0bzS6mZg,28,14.0
DOjlhhMA,53,10.0
cO9eQsyR,31,9.0
YjmC1JyT,44,14.0
cc165518725982,28,14.6
JzzmyFvH,28,8.0
3QfzaSdG,32,9.0
fVQvx7T8,31,11.0
8SKEXCVc,53,28.0
cc119841504498,37,24.4
GqMDFzKY,34,29.0
yL3RYm70,44,18.0
6JDR0Tsn,50,13.0
ee2H3Vc5,37,11.0
aGrT9Zfx,29,12.0
7LGINO03,27,11.0
36hQrFTC,25,8.0
4I733PYE,27,10.0
YZ8rvPkw,62,9.0
Fjdswl53,35,15.0
MfnaNN7K,28,9.0
FQL4y2u1,32,11.0
g5nCgpNT,25,11.0
BxEUEFfR,44,21.0
aeWampLL,43,8.0
MTusWXUN,42,10.0
cc120756018700,32,10.2
qLH6AIHd,26,9.0
I7EDFjNa,39,17.0
7ejnSJvu,35,9.0
cc120711443006,31,16.0
eudxw2u6,38,8.0
dVMdZqXu,28,17.0
0sx61uqE,49,9.0
qRFLB7Qo,48,13.0
0AehrFHo,35,8.0
qbmEBNPC,31,11.0
2aEDYQOc,25,30.0
YGkJlW3k,39,9.0
YGkJlW3k,35,12.0
rD7tIIrN,61,10.0
Sy67F9WW,32,22.0
MxLeQUOt,37,21.0
FXHOxB4b,45,10.0
HgqNgcvy,38,9.0
ykkHvhQp,32,33.0
cc121280573596,27,14.3
G3HOibKx,37,10.0
qPtrjpU4,29,17.0
CzCdwz0v,30,12.0
SpIFLgD3,26,8.0
zBp94nnI,29,13.0
pxzHtDDt,41,9.0
KM3SEsiH,37,11.0
1BD24Pof,40,12.0
dpnWJ5nQ,35,18.0
s7qk91IL,48,10.0
cc120220865164,28,8.0
cc119681244998,40,14.2
0YOCzJlN,28,8.0
66eKJY0a,33,12.0
SXDJl95I,43,31.0
ZIiEKrCY,38,8.0
CLgIlH5p,37,14.0
0Wm6pRLq,36,8.0
4fH1UW2G,29,12.0
cc120005116350,40,8.9
cc120696709236,31,25.2
cc119994718678,27,23.9
wpEPrpyu,25,37.0
cc121274946540,31,8.1
oRP23bHO,33,11.0
bkP1rhaT,35,11.0
TtQhjliF,43,12.0
JJyMpVhG,40,9.0
JeQUxwnk,40,8.0
qzckhpI4,45,22.0
zBkftfs5,30,24.0
znPCXCzV,41,8.0
cc165867813158,38,32.1
gRFU1q6F,34,8.0
9KpcZcl3,39,10.0
oLn1t5tj,39,17.0
TN9YFFrJ,42,14.0
cc121428017132,29,9.6
wuU0nrG8,28,15.0
uirooaSo,37,12.0
cc120812453264,38,10.5
JqK9NO9R,53,10.0
UlL9N40C,26,9.0
ugfhOeoe,52,8.0
etnieKz7,45,13.0
H6jUZQXa,72,32.0
BQTPQnJd,26,42.0
GKag7vkX,38,10.0
PrKi2uoK,42,11.0
cc119551757802,50,28.8
qRFLB7Qo,46,18.0
CxxmdCW2,33,11.0
lUjKz1VZ,38,19.0
cc119532701824,26,24.8
5OOUxSX7,38,27.0
qWwFkvek,35,8.0
DdywCPXM,34,11.0
5V1vviGJ,27,14.0
JWSpDMfm,41,15.0
0bzS6mZg,30,16.0
cc119483390684,34,11.9
uWrWdDlD,56,44.0
cc121216511548,30,12.8
N0Ykmvfs,45,11.0
cc119479484244,31,24.2
FBVOIPbY,30,23.0
wLBffkSY,29,24.0
H3NoySKQ,42,25.0
uTOSKm7k,41,24.0
3HQTDOyP,33,8.0
TusZ3Mya,28,12.0
4fd8zqqA,33,28.0
fHPMYTvN,32,9.0
cc165164546264,49,9.5
cc121025321882,46,10.1
sG32ubVS,37,9.0
AXT3HB2J,43,13.0
mepwVM0k,31,14.0
ves77YMV,47,11.0
cc119746001332,32,9.5
5XK4G0ki,40,16.0
mtLie8ny,33,13.0
96NLrren,36,13.0
cc166386989272,27,11.4
dxKP4AWS,36,13.0
StjG9GbD,28,22.0
v4Zxx2zN,27,8.0
eIRUfZys,31,18.0
cc119707364982,30,47.0
TnRyrSFW,25,15.0
GugYbzmi,32,11.0
cc119841504498,49,14.8
pSN32CtY,31,13.0
Di5HLWKO,37,8.0
vvoJl3Ii,35,13.0
cnvoBy1r,43,15.0
a3fQBceq,31,17.0
qlBNNe7W,42,11.0
cc120910088366,42,8.3
AXdUNjsI,40,10.0
4GzmbQdd,36,18.0
JqK9NO9R,37,10.0
cc120836468660,52,14.8
2WBnoRZj,45,8.0
N0FHrKxA,28,21.0
9Kxq7JlN,35,12.0
BOSgzsbj,46,36.0
umVGKos7,61,13.0
sUdxxSM6,39,15.0
6r340LVx,39,28.0
lSbMvwjM,46,23.0
HmWDWZia,27,10.0
kvx0Tmpm,27,12.0
